Study_Hours,Attendance,Previous_Grades,Final_Marks
4.370861069626263,84.90808570098726,50.18231108612408,59.92085802712166
9.556428757689245,76.80481831720601,69.8045521058097,117.1805781994666
7.587945476302646,65.47638081431639,88.01202097320245,94.64078977859138
6.387926357773329,90.68975098534743,80.27236875252586,91.05574772594935
2.4041677639819286,84.23655862769397,84.36086313237973,84.58509013445591
2.403950683025824,58.130846967244565,76.23308516908946,79.77431212154357
1.5227525095137953,95.54635922469213,78.07521104848189,82.23663993177014
8.795585311974417,91.12686214615846,86.70576083609257,117.48841122202771
,97.4899956645962,53.73174048725522,91.13681617977728
7.372653200164409,86.28597541941801,66.91837300037272,100.47532292073535
1.185260448662222,80.6707597967895,52.16651930007812,60.00543278132085
9.72918866945795,70.91215181453094,94.32174043981558,118.4864162314037
8.491983767203795,96.63642416770065,91.92326368276373,117.93348344747041
2.9110519961044856,93.30319447502042,42.16847462526783,63.31748999616486
2.636424704863906,52.26093350530947,78.80663448836287,64.49389787576042
2.650640588680904,51.3183487248626,90.88865745786163,72.68966090546024
3.7381801866358395,68.82316834390248,49.931643982003344,55.838889356374686
5.72280788469014,90.52766653909165,71.23698768039462,90.89913509140175
4.887505167779041,99.36380646574722,90.3518563673423,94.47964042653592
3.6210622617823773,57.52084455517641,41.867028822218934,50.77713250049542
6.506676052501415,79.70653576760675,78.3581146985762,96.5238690978446
2.2554447458683766,69.04454283155107,56.35419540549029,67.12769571327534
3.629301836816963,98.49571989073016,90.84179074570918,97.70770355417001
4.297256589643226,92.10594615678544,93.40820348409522,87.9696655191835
5.104629857953324,91.91643523555689,91.93465690123887,94.11726762820143
8.066583652537123,73.43465798974852,,100.1080625576315
2.7970640394252375,70.74097511688326,87.41234580441224,74.00134866670574
5.628109945722504,63.670353596535314,86.45021691942887,89.34359851730242
6.331731119758382,52.81877483254635,57.55052602837906,79.0298115578681
1.4180537144799796,93.23611881275266,85.59035107828726,73.01455748105114
6.467903667112945,90.64505045650388,42.03541990935209,81.07762095792174
2.5347171131856236,99.98588366430653,72.79484331651292,72.39664484888551
1.5854643368675156,99.83184185369527,52.650486050823666,61.19527904610192
9.539969835279999,77.77158528013138,46.63117871775033,95.94582379002725
9.690688297671034,88.44937075902553,44.232426089606506,89.13949709320774
8.275576133048151,97.23828649412141,78.29588267329768,111.89968163992802
3.741523922560336,92.48236953387058,58.69312300724364,75.70070298195128
1.8790490260574548,62.36740508715988,79.86217243408188,70.79900264556193
7.158097238609412,72.52720676550467,43.59459874394183,80.4655182649927
4.961372443656412,56.45797075757475,57.340968580683565,77.23543988576549
2.0983441136030097,97.70255136293612,69.67202108064355,75.26461903045718
5.456592191001432,80.308731722544,83.48977406614299,90.97343979921558
1.3094966900369656,61.43214027517314,57.53138766126385,54.35430687853012
9.18388361870904,83.58503422029284,74.4240257040355,110.92343135683274
3.3290198344001523,80.90641202289478,88.72877615299029,85.52571120699287
6.962700559185838,67.90813590164203,73.87247535002675,92.32513969745459
3.8053996848046987,55.67787960998145,52.812771111449855,58.62678942370908
5.680612190600297,83.57865977963998,41.34204298560959,70.83317579194353
5.920392514089517,76.01538504518966,87.85543806455115,89.32127075728158
2.6636900997297435,88.61591958678196,41.169817596771296,69.23601888900365
9.726261649881026,76.00817505559966,88.10859199763097,109.26874058794408
7.976195410250031,92.609075015927,69.09154237149666,98.74494475279705
9.455490474077703,77.59534193872427,91.64872341820929,112.78838033326446
9.053446153848839,78.04689857676931,83.9330779675516,115.122461210773
6.381099809299767,93.83268013291726,94.88637607933356,106.02374273458065
9.296868115208051,70.17414331061985,59.28914984984406,103.4198688575169
1.7964325184672756,56.70076142253204,82.19535589121199,63.72261584348264
,51.43913381566695,62.106200248508316,61.699039888934784
1.4070456001948426,87.75686278368096,66.39315911671498,62.38213112813721
3.927972976869379,81.01547756767323,74.51280047701036,91.92665403202098
4.498095607205338,85.20398840496118,88.05224128024864,86.1398031024918
3.442141285965063,60.64820807544554,94.12459080596123,84.01656780657471
8.458637582367365,56.818573779338486,82.25503776254851,103.63516333157311
4.210779940242304,50.7272332833941,62.977173019203356,69.82965168308893
3.5284105871864266,67.52937794032985,63.174635125238865,68.56174558626198
5.884264748424236,79.49588434273166,80.56702658738902,92.90449883996806
2.2683180247728636,69.61220225498661,53.13274301725663,59.010679668884165
8.219772826786357,71.87374610118646,46.0760762222267,84.96401606725863
1.6709557931179373,95.20793472468742,59.50421867024271,
,67.41277335116501,55.7981445409745,108.5854314308168
7.9502029236699165,75.69947445799053,56.29694662507946,87.8218713432473
2.7884411338075514,89.18265063705715,52.848426307745044,60.27219911613204
1.0496990541124216,69.8271391160635,42.3151254299999,46.91278947862483
8.339152856093508,81.10433501139367,40.98306641033776,99.4171446773261
7.361716094628554,93.11818543733726,94.32473143548174,107.88802898223616
7.561064512368886,97.47603118288211,63.52752235547243,107.0074771216656
7.941433120173512,57.3536740464519,61.137965593782496,95.87075468207658
1.6664018656068134,96.32938125807472,77.38060054811885,
4.226191556898454,74.6058146539769,52.00396383257853,72.35959949290098
2.0428215357261674,62.91221941494792,92.24786511726239,83.3536891773891
8.767930832880342,72.95678781191307,83.24897579285536,105.45553969946587
6.609683141448022,99.00162876427385,44.91760512717427,84.18980509959759
3.9780822236738427,74.63090469964348,62.96694266817106,70.85474929260457
1.5720251525742128,66.43758051437541,88.35150691591906,66.89336972167888
3.79884089544096,81.67004271583629,91.96026122602757,86.22896017963943
3.9266498982407234,62.00728093890965,,64.96927399843666
7.566455605042576,53.7931664054332,73.73762640658893,91.00945849143343
6.738017242196918,56.44398609553246,49.18686703506414,71.36684940188319
8.98491468318694,56.40229194788862,94.51427443753371,110.27132777802188
5.249934326457543,57.595134675614716,52.74194357608938,62.119705591998674
2.0763482134447155,,91.8502475774319,75.04367360675298
7.419203085006955,82.04373724016074,75.73056569458026,103.74206425241775
7.847065437552077,59.09400421995724,73.42552371833725,83.7076121000589
6.051494778125466,67.28336416619317,68.19786810590797,86.41170004267713
7.938704619591049,94.8394204953006,52.68683964447673,100.62711403115024
5.444160367279517,73.69808201314362,49.70904176030295,68.1365422270361
5.704595464437946,83.37788692605136,52.126741498859644,87.96257608362347
4.847869165226946,58.61599356008149,50.254104417934,69.0462911499564
1.2287721406968566,59.61445094043354,82.87714604617143,61.94170972990801
1.97102284293974,52.043430813323944,59.256889254170154,54.817742697492434
1.2828626711806081,58.44675315360823,,48.33064747008752
6.727693701374023,63.92951695159793,93.30064465774461,99.84767287828386
3.82920382968694,58.85052421383734,88.60822367298842,83.79906821131195
5.577136220482325,54.43512668785278,91.02637557573672,85.126038931239
9.168098265334837,56.03179355503004,,110.85679863614055
3.2436300623398746,73.03893840163629,49.5642387070718,55.84337870120125
4.693446307320667,60.31668592028963,61.79331103964623,71.90276252576984
7.799960246887438,68.21349305240378,81.70311616372501,95.79586902469688
3.059183489424602,75.17086354274284,78.28113399295857,73.31009379347631
1.6928191884591368,84.51974143146826,48.46427484869203,64.23262167213436
3.6077630762239123,51.965606992054944,84.87082187448398,81.52045901894938
2.4509915852860398,89.97051994545214,52.344231451016334,68.4639202401099
9.367278871083158,81.39501947454539,52.30996881524427,91.94832078203865
8.273083416079754,54.08795159744359,69.53359325913775,90.7765569407267
6.700633808593811,93.67893120533887,72.61169641629368,103.97818511261347
8.84314531168946,96.04362002659066,71.90474143107961,109.68976785016385
8.23304869209203,53.05389799274319,45.03177605687652,91.19394858662983
2.6791305299743224,63.843882407360184,88.26034744467091,78.64558029138698
9.0330309864098,90.31006398965306,54.60800234237883,100.52242088258448
5.854080177240856,87.41298451918291,47.12332067055423,77.51037425622377
8.266961396476564,59.226050967818864,88.88114439279374,104.21089899303676
9.06482169931144,60.467466166835514,92.56083240263644,108.98241536602335
3.8620312747467747,68.5236051395691,87.4170189495998,87.11629077384745
1.9904673207490908,74.22614925955106,84.52338410986829,79.26538502051784
3.051416462877475,80.9127385765148,76.0383089351462,73.62011105237517
4.843970097636307,68.44568197848862,70.29715538350266,73.24596800569056
8.362132893302437,73.1267358066574,44.78427179512756,76.95979424055669
8.74657524930709,87.37354690668784,62.46492671888843,103.71736031254872
1.0625691747807164,51.834160144529896,60.49786843567727,45.59519510423182
,62.62184721720104,54.28645810681794,63.148958869797326
4.7566990283390105,85.66747929422762,79.78810625287217,91.32068507905423
2.9989702942365724,94.76034188435997,67.2731654293324,89.524534338321
2.0787883060031453,75.58387210578331,44.457541874920636,55.26751954151157
4.038536542632651,76.60567426326578,52.11007610723962,73.42187691802101
9.486187335212673,55.358600566988805,77.57923200127777,103.23727963953672
3.908826388186797,72.37061834117273,44.18719727196651,62.85446781331335
5.669115595690295,76.63086332275115,86.81638027268228,99.33840952655679
7.3271706300566,62.12352518173648,67.2330589857686,87.43806747674499
4.272666421413646,63.46216154746905,66.43226175296564,74.95507301815128
9.746038744488645,68.86420815523113,72.58242815627347,107.28915927812936
9.662025654479,51.003559888886315,85.35745312588321,102.94947053378726
3.2660406624282774,66.10395827915892,59.129506434620616,70.68635576088198
5.475236553031469,60.572400349827234,77.29088839074849,83.31854828200272
3.707904788350927,66.37486760889573,71.1152580197685,70.23088743684339
3.5635644493972087,55.98810659096256,54.68655485931817,64.64008087178591
1.3319825261907952,94.52636403699475,88.32464924953369,74.68780655786406
6.486079005819072,79.67962267770244,83.85843118838105,98.40440321344225
5.524111209059753,83.95511595722448,76.2148509062134,90.86892130235178
1.463308761249904,89.45856193036691,86.78199510018331,82.97458776460914
3.507818178129503,74.92210994645286,87.70118105278914,86.23980556537771
9.174392973699883,54.34601440437118,78.95996371932691,101.5306162557485
3.1560570160027517,76.85532709092739,,85.9435812332944
2.304053848821008,79.34205590104395,78.3609303918106,81.4543889554101
5.405074842498067,87.2719737092165,77.40774244681651,
9.870854086995406,71.58297731148397,74.02362580183514,107.8927396285567
3.178497443603504,56.37901513977819,81.39941517567027,66.94671818603531
7.049219926652907,64.18879528993622,48.72328079111905,73.53881030042805
7.854576537958458,68.15411481993175,88.44789175594107,102.416939491969
3.1387378959315972,82.29586206658007,87.95139402598775,81.31058410182948
7.553947137506736,78.53891523344559,41.608600566900755,81.2008540260905
4.3100481944732785,67.80483629489231,85.41992128106195,84.8849021258506
6.690752475342215,99.32576243964898,47.087842711039485,89.44387623590917
6.7017673968480524,80.28874096784436,58.4315369842528,86.4587338764245
5.821972156672826,61.86133958679972,80.89295409603844,90.54724792655428
1.8126079304896747,55.089123631020186,48.84179428265695,50.3330459571335
8.51772246030314,57.642956959216605,84.98818632654843,92.49825972078555
3.8870205847456223,62.29788641922541,85.76737978767581,76.31148177423987
2.678666593598688,58.03406866297779,67.91072535684599,64.03847846670169
1.3669762739928752,59.32835120256529,40.35122294442585,38.760524488741346
6.318036488694176,64.25475843469235,55.787097324620206,81.75980228616972
7.098079256580542,58.66867976473774,73.93098051066582,97.71024462937542
1.1492904603507053,94.83827123132126,93.96523979150828,87.27436282539064
5.608837524693529,54.01168728308211,74.74974398591675,80.5553514466996
3.0384619767814414,76.22556947851274,54.28919695852879,72.65820989097517
6.806555113685048,70.51984134948307,74.87031367047862,93.36722209452003
2.569297861044923,,69.69919588437205,75.74633664544953
7.218439642922194,55.60194510840262,82.89149673331289,91.15151679608351
4.480618116704837,69.89277995228709,45.883935135482716,64.80054370451101
9.43056989863061,98.47352166376845,81.85653463761153,115.6822892183832
2.2376884973139393,93.27535629469901,69.76966182718607,74.90796140044988
4.069597159452327,90.85360354746399,92.9645602122447,94.88921687287251
2.021261691165302,62.895141352246995,58.802969132127735,58.39156552833154
9.322242564507064,58.54437936950329,74.79420412236715,103.75631954330163
8.896054180428829,83.43216099622154,91.26154580305096,121.0939234764678
3.3214746494364005,96.46879945637929,45.63803503948736,73.11480128104608
6.939856414307611,77.83814465069649,,96.4000190234999
8.354999801810942,78.580634473495,77.83371472654474,91.4964410398658
5.996807304395161,63.998954683014205,43.73103825078446,75.72084160846866
5.766855205204059,88.47464665959684,56.55299618207489,76.81877462285968
3.1766706181040654,,78.94946487549049,
1.837924910253093,66.18396182021218,43.704283080782446,45.04638950742354
9.074941821579941,71.27182193082083,72.01937530969502,93.75604115409337
9.103762514469974,,59.02356813241262,100.35206595984695
6.697913115459412,62.12048662075401,74.15035347721124,92.9966641036421
4.051268119438307,55.74184123696018,42.515811859688206,55.35424689449008
4.142886171513948,80.53100212208163,87.9345243383807,
7.533601109832154,64.43152766201278,93.54189330475683,101.0371882588806
9.073992339573193,79.06191107113061,93.28828204071303,117.6916960665744
8.983777818386056,57.718135763710116,81.23085074586086,95.4551973501031
8.018879912718614,74.05700509274087,47.15474320718476,86.80567229390348
6.77828481538859,76.62947162757929,81.70447577609625,97.65595420739987
1.7572596849554394,52.591176841121346,41.35228040523408,48.13624917773608
2.454658426851524,66.83021390969603,41.21679533409485,53.528655816284626
9.086987696743714,56.72073384694871,57.79856205322477,86.4850949600078
6.457861536936309,53.168748523638385,66.87537547225662,87.66047748622383
1.0827734645496667,99.49801161949726,82.37240797942863,75.65682693317697
1.913243885794289,66.11769224873615,77.58124571335779,68.05562726272152
,90.49372229273175,64.52464885072116,89.60168092767663
1.0455542546159682,62.732032738188195,55.04946664549162,49.355703161324556
2.4472724627574878,84.07513611119646,94.8418475086741,80.45581333134892
5.938604104299275,88.01139299448432,63.43997162297851,86.9516939317138
7.227056779234239,79.78193703039221,64.82628633813215,101.04155057506665
6.867651335523405,73.57880942750792,48.99931016554181,74.05204887398352
3.018423785145038,70.59204570736343,83.71452518124612,70.05918823917358
7.409612992127823,67.44341332714977,78.15252241798188,103.71320180524302
3.135241787471201,96.4764572123913,52.14232870338182,69.64369206700498
3.9285972834334095,91.53097038938645,44.530957508871346,66.02239259511907
7.718422646062217,98.25134553332563,77.42746161410922,111.98077113434378
6.846696091424932,56.21486117427724,75.99811678546243,86.06891950345474
8.6430106944476,86.54337376018222,55.029273984901515,105.82275116047809
6.91851603070309,96.91702284105189,92.29749592377257,113.20606432441365
6.114777430019244,59.061653308283006,48.30818404794951,70.00691812582735
1.8430729104528323,53.32481336833887,63.778414057343106,67.8885566577649
4.309442227534902,87.05603246450295,91.89887560921794,90.58488406661768
3.386821309135529,78.7236556589956,63.085002430936726,75.80418131889122
3.195906790411752,92.0914388379136,75.1189271215247,82.66289206622766
9.75709499277201,56.988618831314476,61.86769188795368,103.32461300422523
4.537879522000844,89.76336559299452,55.08183612917685,84.96688133612525
9.02841899659402,60.08136600238723,94.11877063779056,110.38591084791038
6.680247633975366,58.18279714328523,62.51337034732737,78.34567313479516
8.153301731874835,58.21328989654965,89.1754562023524,105.11808444421085
5.523733837946729,90.72873601156911,52.64750332400974,77.77246480644871
6.192134961637232,83.25986103481,51.72075872137958,91.86594871695206
5.432659244369775,76.15327123845597,41.71237455864812,71.54814152812341
2.7571868901824006,67.94152420617513,75.84167539567368,70.26262165404083
7.502069037353548,93.86002704065541,60.26894890480686,
3.526951261967702,69.62225537113177,87.53970374118003,75.55565334411958
1.2188436978830846,90.82997197357886,66.02654486803564,61.498412322953655
6.80925066316451,71.95674542851091,93.25063853530969,108.2606657517528
2.5939961146634403,68.84722147124538,50.203903363671664,55.44162730166967
9.464127259176228,73.13398928348032,87.77427423755859,107.91341528629484
9.585357193023286,65.0688937082071,82.71282690354579,111.48713129198788
9.233779511984036,87.38046900881255,82.40070145542286,119.51190976359037
4.331428302298999,75.13601950462396,86.46307754642882,91.02425268942191
1.1391095487598069,61.61063475734086,81.85631950186493,70.08713635096284
9.354867063289529,94.97872866372842,74.44211768972784,108.70503731758278
4.8536573348558285,69.19456106866056,47.21846827253132,61.526835797433755
9.699893371393026,77.17764305569943,41.78893987201886,100.05389796946181
9.672579793803276,95.32360554822735,90.64663162986278,120.66989725420531
8.677085099206241,81.21189979569961,73.91576729864059,103.45271400178615
3.6500400286262713,55.8449020354182,83.8095510036897,83.54941696484696
4.465879557417328,96.99160618067376,66.48372933319025,87.44989435488718
8.660230043651712,81.38540265357089,46.45195039293169,93.2221850712037
3.852298046406499,66.7452807328543,46.88521857114027,73.55269546196433
2.5254347201748324,56.96360363316936,77.70609079759342,65.35170893772096
6.0112113621251515,89.7012594635148,63.66682421947045,93.4390473998216
9.425392967447028,81.00363779642568,51.02885996851852,97.22755178490753
7.264268170074757,76.67305459881608,67.03770007077902,94.18506865972441
6.1305505308042845,94.69462915254789,43.531491539132375,88.46922930141463
1.8745884439369167,89.42986056122655,72.00842710529193,74.74529272214663
6.535065040292528,57.58374398663756,54.794637243930374,80.03924741466726
9.91048465093837,65.5861033897774,83.86575053504535,116.52366622569676
2.260756137128716,62.424456990723286,57.06990774079656,56.74130800554442
5.664966871273631,87.19731462863385,65.03710819949907,82.80653450801282
8.8963576473516,51.67662173678897,40.63912969494554,75.08029363516229
7.66691755978784,78.49448424356582,43.98457882870074,74.0434395394793
7.273141668957412,88.12293428703452,61.58714560236767,103.87719708178287
7.322356755883983,93.83828183808748,66.3966359094418,92.44554445695863
4.2354203609777965,67.10408743579538,73.0011301465617,76.70262499097959
3.64232659838044,91.06286523360063,56.041441829011674,
8.284250399306622,55.53158684776036,78.22400373695984,98.72976340838663
8.291020552112627,92.3226145867259,87.30673184540626,116.88393912198052
8.803650867220934,56.37443311659912,82.89180438913424,106.67885390745026
9.219164973008242,69.86436452801837,42.17903539415964,85.22926472768185
5.60208158974844,89.86476828897767,66.4278820991806,87.34817091609375
5.513646652184796,57.49587136743869,45.77115981299962,69.1154743300969
8.184656610700976,61.462569761632075,53.31247587243901,84.77483628729627
6.849675376999887,86.1126284196533,94.26644262969305,115.25211460584191
7.31770189531933,86.00182682730372,47.837254859583226,88.76255971277062
8.16213402492491,82.05738164426486,67.43884843982458,102.82169776806538
9.010048076358096,84.697422223355,73.99856538749654,110.77315608588232
4.041956411663822,77.13622216737981,78.63557337992572,88.53580468592254
4.380246573759496,62.58995294534763,70.78067759178028,76.97366534181046
1.845837458567821,67.28479967519597,40.537396608055104,43.19916575964622
6.204521268965566,59.079885840071285,57.95537195341956,79.7226978323222
1.3234804641706788,95.42252806668142,68.47414038615912,66.22444646497824
5.190382163192141,79.16958973830603,44.83265745296583,69.47603305518665
5.883801712368189,70.042570838182,59.28448121650494,83.0058405153235
3.5788712691545594,73.10029018220663,41.82617098352516,66.92894424936554
6.317499345121097,97.36416698059077,44.32181734352614,83.06401337522608
1.2745022494514449,57.66757015580401,61.83078019108778,56.132337452537136
1.3361336987429298,79.31149160083986,47.29936647236832,62.63487393332696
8.403405045936925,,71.21474665438569,101.41649463758729
4.241715772701366,80.57271177173239,77.92057330254961,97.34909461720332
2.143544613866963,50.90550919104203,84.03226845099957,70.83305828030493
5.700189340493239,93.60619544720757,51.008263433464556,73.28312325758165
7.9299419778874976,96.60591412418063,49.211542024248836,97.00396324433876
2.9423892474715885,78.25665917946044,45.751231218392014,62.97035152480596
,84.8325411938446,75.00366372490001,102.43042940287214
1.768127184943912,96.12496905886479,78.85616495677957,80.47211587711857
1.4651354905174694,85.36193171566993,41.737237965410316,53.11059603007462
5.782191684113332,57.62695214571307,91.49167354340294,85.82338965453522
5.865716094490959,78.81441800834065,42.85842060083098,73.35699988894235
6.736869113483859,80.3357523191428,69.77129844155888,88.41811821289508
7.534822003503954,71.2065335651193,78.9983285698004,95.63261712293215
9.782668715162812,86.82221178123615,87.9033018060347,121.85455003530531
5.646703134710758,96.71835073845074,79.27478126728353,105.2359340504878
3.9066082564712135,96.27842564533881,84.09504456883855,92.43744890949189
8.156675752918332,72.5419685702066,58.669760589854334,85.90143432040487
3.437490261358668,55.661902292037766,84.81538125605817,78.51672596353447
4.950742786350725,99.24205994811672,44.40631655115713,82.71264762499547
1.7061074320803935,91.94490432229671,89.21491608332903,77.67255197715858
1.2281566907391177,56.233134060163344,70.11758068845549,57.39942818260775
9.663835732101326,96.04209413086862,84.95137734793715,119.68093654738178
8.523821084609853,93.49481810310641,64.87750564850651,99.18181211282324
7.263767854843282,75.94190285630361,75.39677323580887,100.04119891823123
4.680576499728429,79.56377178724647,68.95214635148622,81.14334646752029
2.559648880637612,,80.23742369654326,75.99965902904678
2.4079333840397745,52.73808194110157,44.489649011682424,45.668455119360054
3.252186083481358,66.75986208229504,43.31936461948101,55.761279850218756
5.943039982355084,90.14267242990057,53.59067787055805,87.16524736516348
7.431363304300561,50.23160115023014,,74.74960980922569
6.941776390459581,66.6749585845572,87.94809616257109,107.32023686511764
3.5194050725134858,69.90843467954717,52.05676930469244,62.599759490704784
9.593787525968747,76.86978014689615,93.67258907005223,118.98958983769812
7.641072250261916,95.99278082063802,58.52926854741088,100.93078393057188
5.989186472602606,67.31729971829806,50.01648536287846,68.05753629527652
6.5054867161091705,67.34766009481139,83.43341789283636,85.64439649550357
,86.87506240548743,76.22892765254818,80.4307037843204
3.229578905510417,72.61089704449036,67.40076440492264,77.9444663604964
4.2037541078613545,61.2302411469991,70.54499530156971,71.90104980472913
7.820614994179322,72.62197580663467,79.55609780497451,113.45871304371552
1.1295413976678028,57.04285101898999,52.56501077322143,46.22182968735979
2.0446537645622462,58.819349325311165,94.7983653831208,76.19101282795016
1.4140237781957747,74.91838863697399,93.61362391807307,84.06299720394699
1.3665592208707311,70.9462724752274,75.76791274908153,76.03109866225824
8.699145256099065,95.742295053405,50.974834801102986,108.0133500802503
7.332920734420213,68.11969495583165,77.41255333372102,101.84861997867678
5.267564461785927,79.02941751390217,43.97091249385467,77.15241643908493
1.8805074458590134,,41.68588762131933,57.6920801047536
5.4245428760514915,50.654722829416684,54.17255886811675,73.29721604397402
5.261245937025091,83.17686860083553,65.4442626206624,81.22549299406465
2.5588168291901368,58.90179834348757,87.75498779746093,70.25112313061588
4.904664843141758,98.05351587347275,79.99429883714694,93.91965610926933
4.586542609576361,57.43313638765565,80.84885866599896,79.73616018455334
6.542650882469948,70.73120618635119,63.402133394644146,83.36754271894078
6.715842857808794,54.26748340393219,59.02642459008296,82.85460884254869
1.4077360879484007,99.84371259229736,60.40713196415315,71.97188624236034
4.371513531638241,75.10975051656213,94.32072600548318,91.99289024736066
6.632739241428127,79.76925086600218,42.206005527686536,85.58512463606087
5.528226327220789,53.353823869421376,87.68673228673467,81.78219936963018
8.7084085706949,87.49802351995889,71.82714747148164,104.73672634880438
6.928242684570505,60.49527965477929,,81.26760974398603
2.466409843732867,94.90271447203568,79.88917132283251,71.414766136326
1.6351187266038685,60.25698202410036,66.76679177835865,
6.78177350385684,59.534386033183324,88.03827809449133,95.17958483456846
1.2386017948745964,51.827483392404744,89.53860252061922,74.07780396861467
6.2719802314611695,73.60334725549995,63.194650978040045,88.19228924574975
9.462072172824618,78.24205666313082,55.22552884792783,93.27480816538022
6.179267600882911,53.285431971417616,72.57926807263493,92.44206446382825
4.493529335858697,88.77638083475053,90.17998400891801,100.29572141180441
6.789593965981179,72.66444173740138,51.58642039531166,84.45100106612523
,76.219513466379,74.26316209599156,84.48639466577858
5.910551103843415,72.03813734691141,74.73581210508863,83.7349065922174
9.473183278988726,70.0381530437663,80.32121623284046,
4.474923740206968,77.9820165654109,47.23622268199929,74.83107811017868
9.650715074415228,57.76201229653562,79.37037305751487,114.6902971194673
9.148155777604574,59.09640652476355,89.99678863661026,116.184312805118
2.762120213103668,93.08928105067587,49.88257098786331,64.23442376572139
1.624251707876489,97.30577310668164,53.06488287081327,58.247344740348524
1.9070020123968399,68.66546581398765,93.42673017229018,77.5524461268816
1.1639964308639477,63.53723365717769,49.95373239902194,41.01582162316976
1.8499866468033557,82.19997716195078,86.99118013532686,79.02135502118935
7.147060960747211,70.43670855490481,67.07528210464191,89.66594549103512
1.6406978361420608,51.26931778301724,53.59770909217474,48.052956552361636
3.8707806726438516,57.80762986830952,87.89124456998812,72.6682992723722
8.60387779872509,85.79861144236988,64.4917890251466,103.5728674717583
1.209447421622433,82.94619709550757,68.31495446613296,62.425069271521366
8.330216343300421,51.354799625174174,59.75783531698711,81.08685508399647
3.5366929729605996,61.098608096647474,72.61229682892102,57.9578846418495
2.0634834485949063,61.55373982940357,48.99381299217625,53.14287116263055
7.270634488277356,83.59463717993643,61.509484515846836,101.04756383663984
6.660485621018956,50.98552688771821,93.31767772844081,103.56322110836999
8.897248121743477,55.205429099228695,54.197338798562015,85.86105745483565
7.615639394234972,89.99580426865947,76.12051654977107,100.12613622484935
8.231328373463636,58.927233102716684,57.88545353235822,90.1214098446874
3.538311153141758,82.63730539259373,82.54102191276303,78.76133114392697
2.5969558940175053,61.90913905233633,47.19805133950924,56.66550635464037
7.755532764767725,54.97206963796726,93.34015747931997,105.76976484681224
8.261512653405376,62.1586095499727,64.95842477610016,98.56902463949031
9.91454627800606,86.11334659278296,52.982775484055516,101.39735272749317
4.713559092202838,92.78482340531428,44.0423211031507,72.406034283299
4.348162772135049,91.51099322834958,49.33668477981474,69.47254128530467
7.987716646677971,69.85917648092274,68.58756717058097,91.05571799275786
4.06723186227716,83.40425682853231,58.53517470372074,73.49262925229823
9.376815930432082,60.24921477079105,85.58858512354352,109.58996417925039
8.725714766587107,64.65738651305067,63.698813801399325,99.44311981871664
4.860946246375165,94.81679092605599,53.679284992319644,75.57351625245072
7.757839610123476,50.6500961755368,73.94297426322166,98.41915687968685
7.7908858667621415,54.2754265427234,78.87274692869951,93.31781275576463
1.9281148195233935,60.394312757301364,49.187304934552245,52.24568392034132
9.1229761601161,51.32661019369099,49.21905689585747,81.88633391087741
5.547271352030714,59.071771754489866,42.01692848134486,54.34515122580825
8.438117194969674,79.15207804848461,80.50211082861023,110.60749178550411
3.880446409275506,71.0712275296249,76.50924901919927,82.6624443003268
9.059709056465804,94.63358555384875,66.10469816623976,105.33433224601245
4.502815108607468,90.87217808692205,86.42937469330585,
1.0975388633226852,,84.31185841225292,70.35057988672851
9.148437787773373,62.971171671564626,72.19449004182137,92.91805617681422
1.821580091075202,68.98462040836334,87.75492042822923,71.03548340526815
3.873822738313734,79.51474712574039,51.32126655202225,72.85549450341104
9.550557703457244,63.403182041143815,46.155579066875035,83.58008554722063
9.555464322438006,81.2074453924567,54.83622863343443,101.02545920747741
6.160940993109575,70.47058260956203,43.13977708491232,66.73285926775561
6.686534909528193,77.602359042599,69.21432404005677,93.65269419261668
5.036009697804878,71.80632645676583,,92.30039555267817
3.638896945282581,64.72328797709588,42.16389473676803,50.617759408398136
3.957980908329244,97.42266534810784,46.716045270551476,78.19842355364015
7.052666104693346,88.18028970798804,64.87094655558894,90.47993282966736
7.77137076493912,57.00565878832263,91.36312596403477,97.58885225813786
8.124211393532637,93.42339879489563,57.388585773721275,98.34521547914721
8.106563285150985,74.37155991247567,67.89791447786158,102.536428385572
1.8208549274382133,94.72761134470457,42.28650724777157,53.586702569596234
5.449782742323233,89.99276279736577,48.15887605291489,78.6345798265232
1.5180288401497986,71.26067522346167,94.26465676273658,78.24475765080865
5.94575994091362,51.12346541600587,93.08152830398251,95.07213151767682
4.973774512360393,63.4338679692473,40.27169895139253,64.91709020465854
8.989337644824698,77.08171073304334,92.34964819827815,112.41088634775895
4.158235112968708,81.67391099130737,75.15159657985252,78.73119604891842
2.053603147848453,62.894384271660115,,73.43480353527279
2.2869251384755227,56.96780370364121,65.01069205986225,55.669617773473064
7.85359568545725,91.74651183996495,68.35778157185877,86.3640703477321
6.56396256984635,99.22010903517761,66.88656191413061,98.21192553763868
1.9101040851051123,76.28450911513428,76.67753416503574,75.29431444801469
1.756961255034977,58.583964292415175,47.68081901159721,38.38574289098885
7.30872218313208,63.61536632596845,41.648547442997284,71.40384101139989
1.6548670572777417,50.919533827373336,56.9361467875155,55.11404013338445
8.396740533613206,95.71494032802495,78.75744195051557,120.3643830902898
7.3561800444084655,55.88755414450706,51.10193986676216,79.20210493715257
1.7321390257770979,78.82582377571268,77.03878383287045,67.18781947188884
1.7635394267667273,63.7027610343603,93.34516253589987,73.68662450656747
9.87975620651058,,45.16453936841801,102.16810285023973
4.368437161805083,82.57101941759322,76.99311650238195,81.88022898987168
4.335779323602019,91.48709018536007,64.40626206175142,77.33219467124256
8.315196105317522,60.32106358803016,87.7478239907628,101.13249398746788
9.525237196454729,50.549791432924025,49.74323841960623,82.89609958066039
9.874009574405838,56.844281503440364,78.09442737243904,106.0838975892548
7.780403667330475,95.00093209240526,86.09634093064606,118.5738607220448
4.386336269778242,93.69450387812577,91.95378207107129,97.63231991344473
1.7515064502880189,,77.57864155593052,70.24628205132854
7.994322243346931,80.02584302168268,67.3446120204635,96.1926137888935
6.025638247622245,83.25183372731277,73.98159821106677,84.27858641835516
4.817998083222786,58.76856393117248,87.7897741463295,90.03099555436623
9.157189465852625,95.72059729624799,71.38353606513563,109.80470856564132
2.000777340755362,70.93852624460365,41.67128828332603,51.21868915086779
5.433625938617732,69.15692641247487,91.20217825288378,109.48183458249733
1.1021828029067717,75.94588526414188,77.92397130673587,68.75042978897278
5.217945777947136,52.348298338752755,77.20823621774855,76.63938124975986
1.5067294811365362,58.31416843780397,51.86213338187444,48.82717664693338
2.0693612464126474,86.90168082131852,76.23870086279615,80.27888945584064
2.057736220993944,54.139933396256325,61.662542310978715,57.928284332024795
6.842892719044572,80.1576054733194,75.81781373728207,88.97926221427288
7.71440391338881,62.26745548406605,45.86261666693949,84.77970921850962
6.250318885874437,69.46478070209884,76.18149175316698,86.84105408889036
9.659552936270877,64.43468683853499,94.96775491738666,124.47853707269594
4.373835215713337,67.78363582324747,42.65166213733058,68.93033822277945
3.571408776536747,85.95229525921228,93.74458013217244,88.27841304823988
8.817392153705143,64.85608578115875,62.379937839757886,101.13883723142784
3.0123625466750736,78.32023201484486,87.89143976854925,82.84287977474047
9.669002854965502,73.80252010995498,83.03120162320505,116.26523949502761
1.109390272208347,83.1835582681324,71.18589435426674,68.5186301050872
,96.84148696623791,80.61470650882296,113.77256327117225
1.388439207555185,86.62860486051252,88.31835587157414,73.87220627012945
9.02028802328264,60.74701892953784,62.22771769080681,99.58920872858377
5.749309981776698,51.55915675306424,57.986823885978126,71.53383221725912
9.936683165073703,63.113202214991254,76.71763620599717,104.9579522766545
1.6641690826185898,79.75389653501274,84.43152680676923,69.68716488023462
5.984688559611887,52.57129067421252,81.92568241271387,88.77566653464743
9.72372282057189,74.81831236006181,83.8797506872249,123.31660775070617
5.707880597531339,79.84214244584446,63.957082314711315,79.13292230749433
6.664587743217362,66.71219454084805,84.98088188962619,95.94813530651813
7.261738200861554,88.54561018729109,46.61149804538346,93.23922586026399
5.090869582909959,55.32991265668859,69.94690038784672,76.62856494925116
6.648022720756571,53.75688908679044,40.31672632739669,71.78740247476699
6.258828807307902,86.40943781018017,57.852220644514865,80.8311180611166
9.110422094418901,74.77456581030992,60.15538441792688,100.20370791018917
1.409017423073121,84.4201198213868,61.789498038509045,62.330150756013424
3.528668706330073,71.74136693018731,78.25069636794242,83.21975177307709
9.553703356689029,62.32010166195534,61.370695569869014,103.08682532479001
9.012374055018247,90.95511588371,64.6781492442392,117.6352978724169
5.100910775071417,89.97079394844897,53.064927198088014,81.92642152500366
,84.73482354272133,60.528848539613705,90.21981981660325
3.496430646830194,63.607256861498136,52.49982949947333,63.786166550223754
2.6930904375138516,79.51153334345435,44.0257758072644,57.56596863018432
5.173285644459839,68.04869484700134,73.18967263597578,84.56829221169595
4.180170052234475,54.579103666331704,76.7517039205259,74.17342627063968
6.252905006657849,95.86567877311214,74.0719690305288,97.90251806183535
1.6996117326848634,56.84093154594807,65.49217240903148,64.88441200976428
9.769553268995498,97.51186769104012,60.888217909857644,103.51272278082013
9.875896700316426,72.30028864789779,87.4833507264504,120.51063826482189
